timestamp,open,close,volume,unix_timestamp,high,low
2011-08-21 00:00:00,10.9,11.7,2.58742658,1313884800,11.85,10.9
2011-08-28 00:00:00,11.7,10.0,3.48515423,1314489600,11.7,10.0
2011-09-04 00:00:00,10.0,8.89,245.44022497,1315094400,10.0,5.25
2011-09-11 00:00:00,8.89,7.4,30.86,1315699200,8.89,7.4
2011-09-18 00:00:00,7.4,4.92,359.68496799999997,1316304000,7.4,4.8
2011-09-25 00:00:00,4.92,6.05,294.17555858,1316908800,6.05,4.9
2011-10-02 00:00:00,6.05,4.82,193.95078913999998,1317513600,6.06,4.8
2011-10-09 00:00:00,4.82,3.89,619.30112175,1318118400,6.25,3.89
2011-10-16 00:00:00,3.89,4.05,496.70280366,1318723200,4.51,3.89
2011-10-23 00:00:00,4.05,2.27,113.67567266,1319328000,4.05,2.22
2011-10-30 00:00:00,2.27,3.5,786.29998898,1319932800,4.4,2.27
2011-11-06 00:00:00,3.5,2.95,531.7522023500001,1320537600,3.55,2.95
2011-11-13 00:00:00,2.95,3.35,325.71396942,1321142400,3.35,2.95
2011-11-20 00:00:00,3.35,2.37,451.68903078,1321747200,3.35,2.37
2011-11-27 00:00:00,2.37,2.77,818.04224922,1322352000,15.0,2.25
2011-12-04 00:00:00,2.77,2.93,623.40805641,1322956800,3.48,2.66
2011-12-11 00:00:00,2.93,3.27,942.46275173,1323561600,3.5,2.82
2011-12-18 00:00:00,3.27,3.5,437.13214799,1324166400,3.6,3.25
2011-12-25 00:00:00,3.5,4.27,459.81223274,1324771200,4.75,3.5
2012-01-01 00:00:00,4.27,5.0,360.58147902,1325376000,5.0,4.21
2012-01-08 00:00:00,5.0,7.0,348.29897511,1325980800,7.0,4.93
2012-01-15 00:00:00,7.0,7.15,399.32531445,1326585600,7.38,6.23
2012-01-22 00:00:00,7.15,6.79,731.83677615,1327190400,7.15,5.52
2012-01-29 00:00:00,6.79,5.5,393.19403683999997,1327795200,6.86,3.8
2012-02-05 00:00:00,5.5,5.6,659.76094088,1328400000,6.5,3.8
2012-02-12 00:00:00,5.6,5.67,605.4123901,1329004800,5.9,5.2
2012-02-19 00:00:00,5.67,4.38,1003.28654553,1329609600,5.8,4.14
2012-02-26 00:00:00,4.38,4.98,1662.84575012,1330214400,5.22,4.3
2012-03-04 00:00:00,4.98,4.81,1768.19657087,1330819200,5.1,4.6
2012-03-11 00:00:00,4.81,5.0,1931.06152749,1331424000,5.09,4.77
2012-03-18 00:00:00,5.0,5.25,3320.56154325,1332028800,5.44,4.85
2012-03-25 00:00:00,5.25,4.54,1700.83156363,1332633600,5.37,4.54
2012-04-01 00:00:00,4.54,4.89,1591.67646541,1333238400,4.97,4.54
2012-04-08 00:00:00,4.89,4.76,2971.01334476,1333843200,5.04,4.69
2012-04-15 00:00:00,4.76,4.99,3417.6651158,1334448000,5.01,4.7
2012-04-22 00:00:00,4.99,5.17,2986.45449332,1335052800,5.43,4.93
2012-04-29 00:00:00,5.17,4.91,6305.55444027,1335657600,5.25,4.81
2012-05-06 00:00:00,4.91,5.08,4888.39141382,1336262400,5.15,4.86
2012-05-13 00:00:00,5.08,4.94,3801.05673357,1336867200,5.08,4.87
2012-05-20 00:00:00,4.94,5.03,3215.90350667,1337472000,5.08,4.88
2012-05-27 00:00:00,5.03,5.07,4072.16254131,1338076800,5.12,5.0
2012-06-03 00:00:00,5.07,5.19,4053.67368257,1338681600,5.24,4.95
2012-06-10 00:00:00,5.19,5.42,6494.09100929,1339286400,5.63,5.14
2012-06-17 00:00:00,5.42,6.19,18400.563383149998,1339891200,6.52,5.4
2012-06-24 00:00:00,6.19,6.4,9128.44915347,1340496000,6.69,5.98
2012-07-01 00:00:00,6.4,6.52,29015.80645688,1341100800,6.68,5.99
2012-07-08 00:00:00,6.52,6.73,11051.75319883,1341705600,6.8,6.36
2012-07-15 00:00:00,6.73,7.57,8568.65190626,1342310400,7.69,6.55
2012-07-22 00:00:00,7.57,8.42,17708.52084646,1342915200,9.2,7.14
2012-07-29 00:00:00,8.42,8.71,9294.6918973,1343520000,9.0,8.1
2012-08-05 00:00:00,8.71,10.71,13338.89831072,1344124800,12.0,8.54
2012-08-12 00:00:00,10.71,11.49,12039.891636,1344729600,12.49,10.43
2012-08-19 00:00:00,11.49,8.06,21354.05359634,1345334400,16.41,7.1
2012-08-26 00:00:00,8.06,10.31,23835.23331622,1345939200,10.71,7.86
2012-09-02 00:00:00,10.31,10.18,18457.40289379,1346544000,11.93,9.49
2012-09-09 00:00:00,10.18,10.98,12905.95630936,1347148800,11.15,9.95
2012-09-16 00:00:00,10.98,11.75,15850.18736441,1347753600,11.8,10.38
2012-09-23 00:00:00,11.75,11.99,10337.37596481,1348358400,12.66,11.58
2012-09-30 00:00:00,11.99,12.22,14524.89114599,1348963200,12.38,11.53
2012-10-07 00:00:00,12.22,11.71,26309.51218583,1349568000,12.99,11.5
2012-10-14 00:00:00,11.71,11.79,11098.0258964,1350172800,12.26,10.42
2012-10-21 00:00:00,11.79,11.32,21631.21934461,1350777600,11.97,11.03
2012-10-28 00:00:00,11.32,10.54,16234.38897292,1351382400,11.7,9.5
2012-11-04 00:00:00,10.54,10.64,16281.44376327,1351987200,11.05,10.32
2012-11-11 00:00:00,10.64,10.82,19906.27563781,1352592000,10.87,10.25
2012-11-18 00:00:00,10.82,11.51,16382.41361041,1353196800,11.65,10.72
2012-11-25 00:00:00,11.51,12.31,24786.24068184,1353801600,12.35,11.03
2012-12-02 00:00:00,12.31,12.42,23874.8406002,1354406400,12.74,11.75
2012-12-09 00:00:00,12.46,13.29,23522.21085597,1355011200,13.59,12.32
2012-12-16 00:00:00,13.29,13.27,26969.97228519,1355616000,13.94,13.03
2012-12-23 00:00:00,13.27,13.14,21438.13093633,1356220800,13.62,12.75
2012-12-30 00:00:00,13.14,13.2,13715.91151573,1356825600,13.29,12.91
2013-01-06 00:00:00,13.2,13.15,13537.88824342,1357430400,13.29,12.77
2013-01-13 00:00:00,13.15,13.64,24610.93733584,1358035200,14.19,13.04
2013-01-20 00:00:00,13.64,15.5,30110.80220724,1358640000,15.7,13.5
2013-01-27 00:00:00,15.5,17.6,39402.74457611,1359244800,19.2,15.45
2013-02-03 00:00:00,17.6,20.29,28952.75875784,1359849600,21.0,17.48
2013-02-10 00:00:00,20.29,23.7,24562.65170263,1360454400,23.8,19.9
2013-02-17 00:00:00,23.7,26.98,41408.25816135,1361059200,27.58,22.42
2013-02-24 00:00:00,26.98,29.78,31691.92700902,1361664000,31.49,26.29
2013-03-03 00:00:00,29.78,34.33,23463.79321369,1362268800,34.77,29.78
2013-03-10 00:00:00,34.33,45.29,48669.01496114,1362873600,49.17,33.0
2013-03-17 00:00:00,45.29,47.24,24490.88343717,1363478400,48.38,36.0
2013-03-24 00:00:00,47.24,70.22,55821.95347949,1364083200,76.91,46.98
2013-03-31 00:00:00,70.22,96.15,41304.94176357,1364688000,97.0,69.25
2013-04-07 00:00:00,96.15,164.97,53052.65319475,1365292800,165.1,93.7
2013-04-14 00:00:00,164.97,91.11,134422.53239385,1365897600,259.34,45.0
2013-04-21 00:00:00,91.79,118.81,152828.45591381,1366502400,140.2,49.8
2013-04-28 00:00:00,118.81,135.28,80377.88373107,1367107200,170.28,116.0
2013-05-05 00:00:00,135.28,116.57,113588.42934493,1367712000,151.65,81.5
2013-05-12 00:00:00,116.57,114.5,65719.40043927,1368316800,123.97,98.77
2013-05-19 00:00:00,114.5,116.38,52390.28225973,1368921600,118.98,101.72
2013-05-26 00:00:00,117.27,129.5,47942.31669034,1369526400,130.29,114.03
2013-06-02 00:00:00,130.27,123.0,57044.32766082,1370131200,131.0,117.02
2013-06-09 00:00:00,123.35,100.17,80547.13816325,1370736000,125.01,90.0
2013-06-16 00:00:00,100.17,99.37,52462.36715434,1371340800,111.18,93.1
2013-06-23 00:00:00,99.37,100.41,47891.95180387,1371945600,108.18,90.0
2013-06-30 00:00:00,100.4,89.53,50196.39253887,1372550400,102.3,86.2
2013-07-07 00:00:00,89.53,73.96,133259.02437778,1373155200,90.16,63.0
2013-07-14 00:00:00,73.97,90.03,122433.14629884,1373760000,100.0,70.1
2013-07-21 00:00:00,90.03,85.93,67216.96492846,1374364800,95.0,77.0
2013-07-28 00:00:00,85.73,92.71,58309.91200901,1374969600,94.01,82.0
2013-08-04 00:00:00,92.71,96.38,69876.44404595,1375574400,101.0,90.54
2013-08-11 00:00:00,96.38,94.09,58687.16448693,1376179200,98.98,90.0
2013-08-18 00:00:00,94.09,99.3,65172.34787379,1376784000,101.0,93.31
2013-08-25 00:00:00,99.3,113.12,91039.23906412,1377388800,114.0,99.0
2013-09-01 00:00:00,113.12,130.66,95129.87795363,1377993600,134.95,110.27
2013-09-08 00:00:00,130.65,118.34,93518.75049046,1378598400,132.0,115.21
2013-09-15 00:00:00,118.34,125.36,88454.73603985,1379203200,128.79,115.0
2013-09-22 00:00:00,125.36,123.27,57728.28403476,1379808000,128.0,121.16
2013-09-29 00:00:00,123.27,127.01,58941.104993,1380412800,128.8,121.54
2013-10-06 00:00:00,127.01,122.49,125860.06582226,1381017600,127.93,85.0
2013-10-13 00:00:00,122.49,132.82,83396.54156299,1381622400,133.0,120.11
2013-10-20 00:00:00,132.82,166.59,153229.86797881,1382227200,172.0,132.0
2013-10-27 00:00:00,166.6,194.0,207412.15948615,1382832000,206.6,156.2
2013-11-03 00:00:00,194.0,210.0,91019.68008785,1383436800,210.0,190.8
2013-11-10 00:00:00,210.0,323.0,312360.82555029,1384041600,363.65,207.22
2013-11-17 00:00:00,323.0,477.38,193318.200572,1384646400,480.0,310.1
2013-11-24 00:00:00,478.1,800.05,282676.94400204,1385251200,874.81,378.0
2013-12-01 00:00:00,800.01,955.0,216384.45406211,1385856000,1163.0,770.1
2013-12-08 00:00:00,955.0,787.0,273786.6519954,1386460800,1153.27,542.38
2013-12-15 00:00:00,787.0,862.0,130718.12834973,1387065600,989.6,766.66
2013-12-22 00:00:00,861.98,612.66,373496.16564346,1387670400,864.0,382.21
2013-12-29 00:00:00,612.66,728.0,98345.77570274001,1388275200,764.32,607.77
2014-01-05 00:00:00,728.0,905.0,87483.12216614,1388880000,948.0,709.0
2014-01-12 00:00:00,905.0,844.05,152734.68284234,1389484800,995.0,765.0
2014-01-19 00:00:00,844.04,842.07,80598.95077056,1390089600,850.26,765.0
2014-01-26 00:00:00,841.5,814.75,64526.76345506,1390694400,845.0,767.02
2014-02-02 00:00:00,814.67,814.99,85507.02916717,1391299200,827.38,725.0
2014-02-09 00:00:00,814.94,687.37,136581.25170927,1391904000,815.0,619.0
2014-02-16 00:00:00,687.37,621.0,271118.93158909,1392508800,720.0,530.0
2014-02-23 00:00:00,621.0,610.09,149388.73917314,1393113600,664.99,530.01
2014-03-02 00:00:00,609.9,566.24,277137.43661911,1393718400,629.0,400.0
2014-03-09 00:00:00,565.38,640.0,156340.37121488,1394323200,710.0,562.02
2014-03-16 00:00:00,638.4,634.99,56162.0160632,1394928000,656.95,609.0
2014-03-23 00:00:00,634.99,561.0,84190.69036577,1395532800,634.99,541.0
2014-03-30 00:00:00,558.22,460.0,155141.42030871,1396137600,592.6,436.0
2014-04-06 00:00:00,460.0,456.27,132765.57866104,1396742400,509.98,416.11
2014-04-13 00:00:00,459.97,416.3,134935.80167754,1397347200,464.19,339.79
2014-04-20 00:00:00,416.29,500.0,144236.07719751,1397952000,548.0,408.0
2014-04-27 00:00:00,500.0,430.0,82088.7339564,1398556800,515.0,429.95
2014-05-04 00:00:00,430.0,438.04,73296.94943564,1399161600,465.88,424.0
2014-05-11 00:00:00,435.88,440.0,57080.46421885,1399766400,459.24,420.27
2014-05-18 00:00:00,437.67,446.91,30908.4808591,1400371200,452.67,430.61
2014-05-25 00:00:00,446.91,573.9,102415.18800932,1400976000,586.34,441.44
2014-06-01 00:00:00,573.5,630.99,104879.47763936,1401580800,683.26,550.22
2014-06-08 00:00:00,630.99,658.0,76562.80468834,1402185600,680.99,613.03
2014-06-15 00:00:00,658.0,588.55,92006.257786,1402790400,659.0,538.38
2014-06-22 00:00:00,592.0,600.34,42255.33962387,1403395200,616.0,580.0
2014-06-29 00:00:00,600.34,599.89,39227.77882715,1404000000,604.21,554.45
2014-07-06 00:00:00,599.86,630.57,49193.90014177,1404604800,658.88,595.51
2014-07-13 00:00:00,633.87,630.88,32471.30113472,1405209600,642.57,607.9
2014-07-20 00:00:00,630.88,627.0,26031.77132734,1405814400,632.96,610.0
2014-07-27 00:00:00,626.98,590.3,33850.04582376,1406419200,628.0,589.0
2014-08-03 00:00:00,592.61,588.91,52778.42997862,1407024000,607.2,555.9
2014-08-10 00:00:00,588.96,590.96,33386.01536826,1407628800,597.0,576.44
2014-08-17 00:00:00,590.98,496.86,103453.22855861,1408233600,590.99,481.55
2014-08-24 00:00:00,498.0,507.85,109656.14434005,1408838400,534.14,442.0
2014-08-31 00:00:00,507.84,479.04,50340.90886162,1409443200,523.09,473.33
2014-09-07 00:00:00,479.01,475.43,42803.755706769996,1410048000,497.0,470.42
2014-09-14 00:00:00,477.4,475.49,58946.76765036,1410652800,492.0,456.3
2014-09-21 00:00:00,475.47,399.55,110544.22949522,1411257600,479.62,378.78
2014-09-28 00:00:00,400.77,375.35,98493.86112452,1411862400,452.67,368.9
2014-10-05 00:00:00,375.35,323.52,168885.41272676,1412467200,397.75,275.0
2014-10-12 00:00:00,322.82,378.11,213698.64934804,1413072000,395.55,295.89
2014-10-19 00:00:00,378.48,387.53,113655.14004955,1413676800,417.99,368.07
2014-10-26 00:00:00,389.06,355.18,84061.3712627,1414281600,393.55,341.22
2014-11-02 00:00:00,355.19,324.36,74752.35975891,1414886400,359.5,316.61
2014-11-09 00:00:00,324.23,364.77,76192.864387,1415491200,366.35,320.0
2014-11-16 00:00:00,365.37,389.86,166667.3822572,1416096000,453.92,357.3
2014-11-23 00:00:00,389.86,367.17,94807.00214595,1416700800,415.0,342.05
2014-11-30 00:00:00,367.17,377.01,78605.31371907,1417305600,395.11,358.0
2014-12-07 00:00:00,376.09,377.26,47756.02016561,1417910400,383.0,360.0
2014-12-14 00:00:00,376.03,356.52,72958.55283968,1418515200,377.26,339.8
2014-12-21 00:00:00,357.3,320.01,104504.409639,1419120000,357.3,304.99
2014-12-28 00:00:00,320.88,317.64,48480.54042206,1419724800,338.99,311.22
2015-01-04 00:00:00,317.64,264.0,91901.46576194,1420329600,321.0,255.0
2015-01-11 00:00:00,264.55,266.39,61650.24748572,1420934400,305.0,262.08
2015-01-18 00:00:00,266.34,211.85,350762.13239194,1421539200,272.43,152.4
2015-01-25 00:00:00,211.85,255.31,133555.59921249,1422144000,257.0,201.98
2015-02-01 00:00:00,254.67,226.93,189325.3126318,1422748800,309.9,208.48
2015-02-08 00:00:00,226.93,223.88,95469.04897901,1423353600,244.39,210.43
2015-02-15 00:00:00,223.92,235.63,114407.9860068,1423958400,267.92,215.0
2015-02-22 00:00:00,235.61,236.5,67119.27285798,1424563200,249.32,229.2
2015-03-01 00:00:00,236.5,258.34,58091.19334207,1425168000,260.25,232.05
2015-03-08 00:00:00,258.34,275.0,81734.71150682,1425772800,284.95,255.61
2015-03-15 00:00:00,275.0,286.75,57159.95146447,1426377600,297.95,274.17
2015-03-22 00:00:00,286.75,267.74,65898.87505558,1426982400,294.26,249.0
2015-03-29 00:00:00,268.28,242.0,67477.54643647,1427587200,270.07,236.4
2015-04-05 00:00:00,242.0,260.54,45675.8945554,1428192000,261.0,236.52
2015-04-12 00:00:00,260.54,236.5,50409.77421826,1428796800,262.98,231.0
2015-04-19 00:00:00,236.42,222.54,71740.8206438,1429401600,236.9,210.0
2015-04-26 00:00:00,222.54,219.52,60022.01904055,1430006400,238.64,214.98
2015-05-03 00:00:00,219.52,239.0,59765.8342914,1430611200,242.25,217.52
2015-05-10 00:00:00,239.73,239.13,54319.31574022,1431216000,247.01,227.01
2015-05-17 00:00:00,239.13,235.97,45271.20212518,1431820800,244.51,232.22
2015-05-24 00:00:00,235.69,239.22,42033.76174886,1432425600,241.64,230.86
2015-05-31 00:00:00,239.22,228.91,42578.06128648,1433030400,240.1,228.0
2015-06-07 00:00:00,228.91,222.7,45061.2500891,1433635200,231.2,219.03
2015-06-14 00:00:00,222.65,232.09,42611.86441722,1434240000,234.0,222.31
2015-06-21 00:00:00,232.08,243.64,69720.50467042,1434844800,257.39,231.55
2015-06-28 00:00:00,243.6,248.62,40307.1778541,1435449600,252.0,238.2
2015-07-05 00:00:00,248.62,271.5,96944.01933526,1436054400,274.74,248.3
2015-07-12 00:00:00,271.39,310.55,127074.40959861,1436659200,317.99,263.01
2015-07-19 00:00:00,310.55,275.47,97166.94938011,1437264000,310.73,272.31
2015-07-26 00:00:00,275.47,293.89,38957.08567313,1437868800,294.49,274.62
2015-08-02 00:00:00,293.88,282.62,35555.54637148,1438473600,298.0,277.26
2015-08-09 00:00:00,282.62,267.63,37460.17628597,1439078400,286.47,260.07
2015-08-16 00:00:00,267.6,259.2,39437.18225658,1439683200,272.4,255.67
2015-08-23 00:00:00,259.2,229.21,60496.37750135,1440288000,261.57,200.0
2015-08-30 00:00:00,229.23,229.39,72456.99505417,1440892800,236.18,198.02
2015-09-06 00:00:00,229.4,241.29,47676.10528168,1441497600,244.82,225.23
2015-09-13 00:00:00,241.26,230.82,42173.67692644,1442102400,247.82,229.72
2015-09-20 00:00:00,230.83,232.24,42263.09842047,1442707200,235.93,226.85
2015-09-27 00:00:00,232.26,233.58,45891.21141806,1443312000,237.62,224.45
2015-10-04 00:00:00,233.53,239.87,40289.38102101,1443916800,241.05,233.53
2015-10-11 00:00:00,239.87,249.02,44457.6146093,1444521600,250.0,237.5
2015-10-18 00:00:00,249.01,265.0,52081.03809971,1445126400,274.81,244.86
2015-10-25 00:00:00,265.0,284.97,48180.26882919,1445731200,295.93,262.05
2015-11-01 00:00:00,284.97,329.46,89668.76632546,1446336000,336.97,282.04
2015-11-08 00:00:00,329.45,373.83,173641.53215288,1446940800,499.99,326.07
2015-11-15 00:00:00,373.84,322.93,84345.35380433,1447545600,386.96,293.32
2015-11-22 00:00:00,322.94,323.71,44359.4377744,1448150400,340.72,311.23
2015-11-29 00:00:00,323.72,372.24,50252.61440466,1448755200,373.63,316.26
2015-12-06 00:00:00,372.25,387.55,61138.62221246,1449360000,401.01,347.55
2015-12-13 00:00:00,387.53,433.83,86679.73145594,1449964800,469.34,383.0
2015-12-20 00:00:00,433.38,442.22,239234.43419744,1450569600,465.6,429.12
2015-12-27 00:00:00,442.36,424.72,50493.88143047,1451174400,460.0,410.0
2016-01-03 00:00:00,424.73,431.91,35726.34682649,1451779200,437.56,418.0
2016-01-10 00:00:00,431.9,449.99,46977.77397739,1452384000,464.4,428.15
2016-01-17 00:00:00,449.99,378.46,81782.68047114,1452988800,452.65,350.92
2016-01-24 00:00:00,378.47,403.05,62749.64667783,1453593600,425.1,369.0
2016-01-31 00:00:00,403.05,367.95,50667.27307366,1454198400,403.05,363.25
2016-02-07 00:00:00,367.89,377.49,48708.26437373,1454803200,390.63,365.63
2016-02-14 00:00:00,377.47,406.59,55366.23227123,1455408000,406.92,360.0
2016-02-21 00:00:00,406.62,438.56,49723.64981515,1456012800,448.7,390.0
2016-02-28 00:00:00,438.57,433.73,45025.55543291,1456617600,440.9,410.0
2016-03-06 00:00:00,433.73,403.24,65971.19301776,1457222400,442.0,381.09
2016-03-13 00:00:00,403.24,412.52,49322.65000678,1457827200,421.3,395.0
2016-03-20 00:00:00,412.51,411.27,44574.87186569,1458432000,419.75,399.21
2016-03-27 00:00:00,411.25,425.3,35614.48070797,1459036800,426.5,406.89
2016-04-03 00:00:00,425.29,420.16,36719.66704397,1459641600,425.36,407.56
2016-04-10 00:00:00,420.08,423.4,34237.79589013,1460246400,424.65,415.51
2016-04-17 00:00:00,423.29,431.0,34324.8225617,1460851200,434.93,420.15
2016-04-24 00:00:00,431.08,464.46,43969.89493276,1461456000,465.0,428.44
2016-05-01 00:00:00,464.47,456.98,49855.82094758,1462060800,472.38,434.0
2016-05-08 00:00:00,456.98,462.79,36739.68489591,1462665600,465.0,440.02
2016-05-15 00:00:00,462.6,461.47,36532.03700566,1463270400,465.9,448.2
2016-05-22 00:00:00,461.48,442.48,40882.12702876,1463875200,461.59,435.0
2016-05-29 00:00:00,442.45,525.22,56161.0898992,1464480000,549.99,440.5
2016-06-05 00:00:00,525.22,575.17,48638.88783747,1465084800,594.64,519.0
2016-06-12 00:00:00,575.17,677.86,56718.21024498,1465689600,687.71,475.0
2016-06-19 00:00:00,677.45,768.76,81705.75416347,1466294400,785.15,650.02
2016-06-26 00:00:00,768.94,638.56,104463.16724832,1466899200,768.94,544.13
2016-07-03 00:00:00,638.56,663.55,44883.83737968,1467504000,705.25,630.0
2016-07-10 00:00:00,664.09,652.44,51689.89709131,1468108800,683.69,608.0
2016-07-17 00:00:00,652.43,680.0,53591.37714711,1468713600,680.99,640.0
2016-07-24 00:00:00,680.0,661.0,31093.78487187,1469318400,684.94,647.59
2016-07-31 00:00:00,660.92,626.97,33106.34723672,1469923200,664.13,621.37
2016-08-07 00:00:00,626.97,595.14,65303.17110565,1470528000,629.34,483.0
2016-08-14 00:00:00,595.14,574.99,34037.03782432,1471132800,601.09,565.19
2016-08-21 00:00:00,574.97,581.29,27632.55792518,1471737600,583.99,561.56
2016-08-28 00:00:00,581.34,575.41,26552.98200435,1472342400,586.99,568.95
2016-09-04 00:00:00,575.41,611.92,32516.62351397,1472947200,617.13,568.12
2016-09-11 00:00:00,611.94,607.94,28698.06426564,1473552000,631.3,591.8
2016-09-18 00:00:00,607.94,611.4,25789.78021731,1474156800,611.99,603.0
2016-09-25 00:00:00,611.4,601.67,25565.17125718,1474761600,612.46,592.63
2016-10-02 00:00:00,601.67,612.4,27473.41745862,1475366400,617.19,600.02
2016-10-09 00:00:00,612.42,617.42,28115.93128428,1475971200,620.0,606.93
2016-10-16 00:00:00,617.43,641.92,25990.36656492,1476576000,647.03,615.46
2016-10-23 00:00:00,642.1,651.04,28537.95614316,1477180800,658.0,625.6
2016-10-30 00:00:00,651.05,697.41,35893.74283569,1477785600,725.64,645.81
2016-11-06 00:00:00,697.39,717.02,38053.85031734,1478390400,746.16,672.06
2016-11-13 00:00:00,717.04,704.01,35696.33628369,1478995200,747.26,685.7
2016-11-20 00:00:00,704.01,731.99,31888.04558327,1479600000,753.81,671.23
2016-11-27 00:00:00,731.72,729.24,22908.58572439,1480204800,748.77,726.0
2016-12-04 00:00:00,729.24,767.99,27793.47804384,1480809600,780.0,728.2
2016-12-11 00:00:00,767.94,771.05,29137.94216317,1481414400,776.99,748.6
2016-12-18 00:00:00,771.05,790.72,33138.93231302,1482019200,791.97,770.88
2016-12-25 00:00:00,790.71,896.12,53216.10313733,1482624000,918.5,788.58
2017-01-01 00:00:00,895.94,992.95,45012.63122254,1483228800,1000.0,890.0
2017-01-08 00:00:00,992.96,923.33,83908.97302484,1483833600,1175.0,802.07
2017-01-15 00:00:00,922.04,833.31,63988.63926197,1484438400,923.98,734.64
2017-01-22 00:00:00,833.43,931.22,35511.95583353,1485043200,946.25,826.03
2017-01-29 00:00:00,929.45,916.54,28743.80167309,1485648000,931.33,880.0
2017-02-05 00:00:00,916.56,1016.32,38268.92483137,1486252800,1044.12,914.69
2017-02-12 00:00:00,1016.32,1010.0,46990.71682949,1486857600,1079.0,925.0
2017-02-19 00:00:00,1009.99,1059.88,34417.74489597,1487462400,1073.8,985.68
2017-02-26 00:00:00,1059.88,1184.91,48767.54330141,1488067200,1221.93,1051.36
2017-03-05 00:00:00,1184.91,1278.98,48232.54391634,1488672000,1298.61,1085.71
2017-03-12 00:00:00,1278.63,1235.58,79834.24314224,1489276800,1360.0,956.85
2017-03-19 00:00:00,1235.27,1019.49,97631.33074611,1489881600,1277.27,919.44
2017-03-26 00:00:00,1019.1,973.08,88946.33475885875,1490486400,1120.0,890.05
2017-04-02 00:00:00,973.97,1113.99,62163.78274261,1491091200,1119.0,961.1
2017-04-09 00:00:00,1113.23,1210.97,58821.39572899,1491696000,1221.0,1112.24
2017-04-16 00:00:00,1210.99,1177.99,39769.57692098,1492300800,1234.0,0.06
2017-04-23 00:00:00,1177.63,1251.98,44678.83512919,1492905600,1258.77,1170.85
2017-04-30 00:00:00,1251.91,1384.55,68327.55810973,1493510400,1394.51,1246.31
2017-05-07 00:00:00,1384.55,1609.57,110057.5592578,1494115200,1665.0,1370.98
2017-05-14 00:00:00,1611.1,1799.99,100666.0684203,1494720000,1889.0,1608.0
2017-05-21 00:00:00,1799.98,2057.0,96721.1316482,1495324800,2102.68,1690.14
2017-05-28 00:00:00,2056.99,2232.78,191491.81255871,1495929600,2806.0,1913.19
2017-06-04 00:00:00,2237.0,2521.36,121112.95120785,1496534400,2599.0,2112.31
2017-06-11 00:00:00,2521.43,2998.98,121609.96929614,1497139200,2998.99,2517.02
2017-06-18 00:00:00,2998.98,2515.25,182264.56135524,1497744000,2999.99,2050.0
2017-06-25 00:00:00,2515.25,2505.61,99625.12008852,1498348800,2781.59,2430.05
2017-07-02 00:00:00,2505.61,2516.66,97110.73484858,1498953600,2605.0,2258.34
2017-07-09 00:00:00,2515.37,2508.99,64273.89707633,1499558400,2636.1,2471.22
2017-07-16 00:00:00,2508.0,1911.78,106225.3263473,1500163200,2523.0,1758.2
2017-07-23 00:00:00,1911.79,2754.28,145791.91848284,1500768000,2957.0,1909.58
2017-07-30 00:00:00,2755.19,2723.99,85864.5910777,1501372800,2825.11,2403.0
2017-08-06 00:00:00,2723.99,3222.22,75079.16442246,1501977600,3335.0,2650.0
2017-08-13 00:00:00,3222.22,4060.47,107573.96570778,1502582400,4200.0,3190.0
2017-08-20 00:00:00,4060.47,4050.99,129686.30593428,1503187200,4469.0,3807.14
2017-08-27 00:00:00,4050.99,4340.11,80440.74543699,1503792000,4453.9,3583.46
2017-09-03 00:00:00,4343.5,4626.05,96883.81934648,1504396800,4980.0,4200.0
2017-09-10 00:00:00,4626.05,4251.36,104704.44883356,1505001600,4692.0,4139.0
2017-09-17 00:00:00,4251.36,3719.97,165887.15951427,1505606400,4375.37,2975.01
2017-09-24 00:00:00,3719.98,3669.01,79514.51282657,1506211200,4130.0,3509.79
2017-10-01 00:00:00,3669.01,4394.81,57416.40102044,1506816000,4396.99,3669.01
2017-10-08 00:00:00,4394.81,4603.49,50071.21124442,1507420800,4612.0,4150.01
2017-10-15 00:00:00,4603.5,5693.7,102734.65083079,1508025600,5867.0,4561.0
2017-10-22 00:00:00,5693.7,6005.05,86565.26160593,1508630400,6189.1,5102.0
2017-10-29 00:00:00,6005.05,6140.01,88017.22910656,1509235200,6298.99,5376.71
2017-11-05 00:00:00,6140.01,7392.0,134760.21034911,1509840000,7630.0,6028.0
2017-11-12 00:00:00,7391.95,5886.35,207248.97351097,1510444800,7898.0,5511.11
2017-11-19 00:00:00,5886.35,8031.82,168442.60119667,1511049600,8098.62,5850.0
2017-11-26 00:00:00,8031.83,9401.11,132433.00974609,1511654400,9596.0,7802.99
2017-12-03 00:00:00,9401.11,11290.0,242275.4607859,1512259200,11891.0,8595.55
2017-12-10 00:00:00,11290.0,15290.01,336355.25276376,1512864000,19697.0,10950.0
2017-12-17 00:00:00,15290.01,19378.99,202521.40353112,1513468800,19891.99,15200.0
2017-12-24 00:00:00,19378.99,14221.94,293937.86480987,1514073600,19385.0,10400.0
2017-12-31 00:00:00,14221.93,13863.13,159987.34101826,1514678400,16490.0,12500.0
2018-01-07 00:00:00,13863.14,16174.22,125933.94853684,1515283200,17178.0,12952.5
2018-01-14 00:00:00,16174.22,13656.23,126171.29857863,1515888000,16275.0,12800.01
2018-01-21 00:00:00,13656.23,11518.17,217946.9968328,1516492800,14253.0,9005.0
2018-01-28 00:00:00,11518.17,11536.0,120542.08690959,1517097600,11849.0,9945.0
2018-02-04 00:00:00,11536.0,8167.91,196264.07646952,1517702400,11570.0,7540.0
2018-02-11 00:00:00,8167.9,8072.99,303308.71183533,1518307200,9090.0,5873.0
2018-02-18 00:00:00,8073.0,10380.04,156019.32981204,1518912000,11299.1,8072.99
2018-02-25 00:00:00,10380.03,9597.99,156413.98596539,1519516800,11775.0,9324.75
2018-03-04 00:00:00,9600.0,11469.9,108110.57871766,1520121600,11494.57,9404.0
2018-03-11 00:00:00,11469.9,9533.88,166642.36364579,1520726400,11645.74,8370.0
2018-03-18 00:00:00,9533.88,8192.0,155658.02518136,1521331200,9890.0,7310.0
2018-03-25 00:00:00,8192.0,8453.0,113244.35820492,1521936000,9174.0,8108.31
2018-04-01 00:00:00,8453.0,6816.01,132855.05415303,1522540800,8498.0,6450.0
2018-04-08 00:00:00,6816.01,7020.01,90431.95818026,1523145600,7520.0,6518.88
2018-04-15 00:00:00,7020.01,8355.25,102182.05694721,1523750400,8392.56,6617.0
2018-04-22 00:00:00,8355.24,8795.01,83565.85957484,1524355200,9038.87,7822.0
2018-04-29 00:00:00,8795.0,9389.01,104789.37240996,1524960000,9763.49,8602.43
2018-05-06 00:00:00,9389.01,9600.0,71896.9213823,1525564800,9948.12,8831.21
2018-05-13 00:00:00,9600.0,8686.1,71280.97244907,1526169600,9619.55,8223.43
2018-05-20 00:00:00,8686.1,8516.86,61280.7107099,1526774400,8880.01,7927.21
2018-05-27 00:00:00,8516.86,7346.64,57120.85698854,1527379200,8584.39,7229.01
2018-06-03 00:00:00,7346.64,7706.37,47668.34272938,1527984000,7777.0,7058.0
2018-06-10 00:00:00,7706.37,6770.31,48062.33128931,1528588800,7747.57,6652.0
2018-06-17 00:00:00,6770.31,6447.16,69188.19912172,1529193600,6913.83,6135.0
2018-06-24 00:00:00,6447.15,6149.99,62744.31257959,1529798400,6829.06,5777.0
2018-07-01 00:00:00,6150.0,6349.5,52666.78206945,1530403200,6520.15,5790.01
2018-07-08 00:00:00,6349.5,6701.97,41655.2939573,1531008000,6843.26,6270.01
2018-07-15 00:00:00,6701.97,6348.73,40785.09943612,1531612800,6815.82,6075.01
2018-07-22 00:00:00,6348.73,7397.8,71636.59011028,1532217600,7687.0,6330.3
2018-07-29 00:00:00,7400.0,8216.34,79041.52704124,1532822400,8488.0,7378.26
2018-08-05 00:00:00,8216.33,7030.01,69206.4306545,1533427200,8274.92,6880.0
2018-08-12 00:00:00,7030.0,6316.01,113577.02123248,1534032000,7163.0,6003.0
2018-08-19 00:00:00,6316.0,6489.53,77332.86490106,1534636800,6636.0,5900.0
2018-08-26 00:00:00,6489.53,6709.98,56743.33549898,1535241600,6890.65,6227.71
2018-09-02 00:00:00,6709.98,7295.0,55253.59913881,1535846400,7328.99,6654.13
2018-09-09 00:00:00,7294.99,6235.01,71658.68932277,1536451200,7402.5,6116.0
2018-09-16 00:00:00,6235.02,6498.0,46385.42503386,1537056000,6580.0,6176.76
2018-09-23 00:00:00,6498.0,6696.99,53260.52042471,1537660800,6823.0,6106.37
2018-09-30 00:00:00,6696.99,6605.0,45994.88497883,1538265600,6786.73,6320.5
2018-10-07 00:00:00,6605.0,6570.0,36230.08859566,1538870400,6641.0,6398.96
2018-10-14 00:00:00,6569.99,6183.49,50327.8457383,1539475200,6681.19,6033.34
2018-10-21 00:00:00,6183.52,6415.88,54090.92724693,1540080000,6810.0,6151.58
2018-10-28 00:00:00,6415.87,6403.62,25592.32837604,1540684800,6471.0,6360.0
2018-11-04 00:00:00,6403.63,6423.28,31619.89597663,1541289600,6464.15,6201.67
2018-11-11 00:00:00,6423.29,6357.6,30142.56655784,1541894400,6540.0,6271.15
2018-11-18 00:00:00,6357.6,5560.0,81914.8849986,1542499200,6383.59,5188.0
2018-11-25 00:00:00,5560.0,3936.69,231355.7031903,1543104000,5560.0,3456.78
2018-12-02 00:00:00,3936.7,4103.19,158652.65683707,1543708800,4414.89,3508.0
2018-12-09 00:00:00,4102.8,3531.18,141175.77835958,1544313600,4119.98,3212.0
2018-12-16 00:00:00,3531.18,3195.0,80604.8873904,1544918400,3590.71,3128.89
2018-12-23 00:00:00,3194.99,3944.93,141673.62378852,1545523200,4175.0,3184.28
2018-12-30 00:00:00,3944.92,3829.0,91711.77988569,1546128000,4239.37,3567.0
2019-01-06 00:00:00,3829.0,4040.99,68656.55747212,1546732800,4088.0,3625.0
2019-01-13 00:00:00,4040.98,3514.24,85078.36220019,1547337600,4114.8,3481.54
2019-01-20 00:00:00,3514.24,3536.19,59431.67894757,1547942400,3765.9,3481.01
2019-01-27 00:00:00,3537.56,3531.02,46908.51389551,1548547200,3657.76,3425.0
2019-02-03 00:00:00,3531.02,3414.78,55785.80081713,1549152000,3535.92,3337.87
2019-02-10 00:00:00,3415.69,3648.84,59022.18894384,1549756800,3711.0,3340.8
2019-02-17 00:00:00,3648.85,3625.08,48588.44638936,1550361600,3675.0,3535.1
2019-02-24 00:00:00,3625.08,3734.22,84990.79861821,1550966400,4188.79,3616.18
2019-03-03 00:00:00,3734.23,3786.93,50454.79818164,1551571200,3910.0,3655.0
2019-03-10 00:00:00,3786.93,3900.92,50500.66434026,1552176000,3947.33,3672.39
2019-03-17 00:00:00,3900.93,3967.01,43852.59803476,1552780800,4037.47,3779.28
2019-03-24 00:00:00,3967.01,3969.52,40168.453713,1553385600,4056.33,3915.14
2019-03-31 00:00:00,3969.52,4094.99,40829.19764002,1553990400,4131.87,3858.0
2019-04-07 00:00:00,4095.0,5194.79,136071.54017464,1554595200,5345.0,4051.53
2019-04-14 00:00:00,5194.76,5164.27,77297.06442302,1555200000,5488.0,4901.99
2019-04-21 00:00:00,5163.81,5297.64,51414.58286817,1555804800,5359.98,4945.54
2019-04-28 00:00:00,5297.64,5155.0,87391.80556355,1556409600,5650.01,4963.0
2019-05-05 00:00:00,5155.0,5715.86,65837.79224005,1557014400,5846.88,5072.01
2019-05-12 00:00:00,5715.86,6979.76,150067.79559927,1557619200,7581.82,5564.93
2019-05-19 00:00:00,6979.24,8200.0,224711.99094302,1558224000,8388.0,6600.0
2019-05-26 00:00:00,8194.34,8731.72,111649.13339687,1558828800,8793.97,7467.1
2019-06-02 00:00:00,8732.34,8736.55,104139.71186153,1559433600,9090.0,7972.0
2019-06-09 00:00:00,8736.55,7634.58,98410.24351057,1560038400,8742.48,7427.0
2019-06-16 00:00:00,7635.05,8975.0,84492.73928636,1560643200,9388.0,7516.9
2019-06-23 00:00:00,8975.78,10833.02,139078.6166732,1561248000,11284.44,8919.72
2019-06-30 00:00:00,10833.0,10761.26,299874.89097129,1561852800,13868.44,10300.0
2019-07-07 00:00:00,10761.26,11474.42,191902.29020528,1562457600,12064.26,9651.0
2019-07-14 00:00:00,11474.44,10185.03,189324.61522719,1563062400,13202.63,10084.4
2019-07-21 00:00:00,10190.91,10590.7,196267.73976474,1563667200,11112.31,9071.0
2019-07-28 00:00:00,10590.71,9533.0,105191.03704687,1564272000,10688.14,9108.88
2019-08-04 00:00:00,9533.0,10977.51,82372.51162864,1564876800,11089.74,9356.75
2019-08-11 00:00:00,10977.98,11540.76,118107.1987216,1565481600,12320.4,10977.98
2019-08-18 00:00:00,11540.76,10315.48,105060.40687053,1566086400,11555.55,9470.0
2019-08-25 00:00:00,10315.48,10138.72,74087.7526167,1566691200,10953.0,9759.0
2019-09-01 00:00:00,10142.0,9766.52,70690.63802255,1567296000,10680.0,9321.73
2019-09-08 00:00:00,9766.62,10398.97,71954.91682869,1567900800,10939.34,9756.54
2019-09-15 00:00:00,10401.13,10304.46,47967.553745619996,1568505600,10541.75,9851.97
2019-09-22 00:00:00,10303.66,10026.8,51258.36496206,1569110400,10379.98,9585.86
2019-09-29 00:00:00,10026.79,8052.4,133377.97038741,1569715200,10051.15,7712.45
2019-10-06 00:00:00,8054.09,7859.79,62463.92553199,1570320000,8535.0,7701.0
2019-10-13 00:00:00,7859.79,8282.97,59624.39731103,1570924800,8826.0,7762.35
2019-10-20 00:00:00,8282.96,8236.12,44493.22052789,1571529600,8420.0,7814.08
2019-10-27 00:00:00,8235.94,9548.84,139445.61179246,1572134400,10540.49,7296.44
2019-11-03 00:00:00,9555.89,9206.52,64194.84623719,1572739200,9939.69,8950.0
2019-11-10 00:00:00,9206.52,9032.23,51884.25517329,1573344000,9600.0,8660.0
2019-11-17 00:00:00,9032.23,8500.01,40824.04874282,1573948800,9067.34,8361.0
2019-11-24 00:00:00,8501.0,6908.64,91568.53054381,1574553600,8501.01,6775.47
2019-12-01 00:00:00,6908.64,7404.27,92528.33798286,1575158400,7870.1,6526.0
2019-12-08 00:00:00,7405.33,7520.0,57403.74478121,1575763200,7775.0,7080.0
2019-12-15 00:00:00,7520.0,7111.0,47327.91893774,1576368000,7659.38,7006.01
2019-12-22 00:00:00,7111.0,7513.06,80463.83912003,1576972800,7521.55,6430.0
2019-12-29 00:00:00,7514.74,7384.89,53577.39543471,1577577600,7688.99,7053.32
2020-01-05 00:00:00,7384.57,7355.4,50205.62069436,1578182400,7488.87,6854.67
2020-01-12 00:00:00,7355.4,8180.81,89931.06534113,1578787200,8469.39,7343.17
2020-01-19 00:00:00,8180.81,8697.53,94263.31881457,1579392000,9194.99,8041.95
2020-01-26 00:00:00,8697.53,8595.0,48729.57034359,1579996800,8791.76,8216.71
2020-02-02 00:00:00,8595.0,9323.5,73722.99720811,1580601600,9574.68,8556.6
2020-02-09 00:00:00,9325.01,10168.35,72307.58235,1581206400,10178.91,9078.05
2020-02-16 00:00:00,10168.36,9921.0,90594.03685612,1581811200,10522.51,9612.12
2020-02-23 00:00:00,9920.52,9965.01,66776.79665281,1582416000,10315.0,9280.98
2020-03-01 00:00:00,9965.0,8522.31,83176.25318354,1583020800,10030.0,8400.0
2020-03-08 00:00:00,8522.3,8037.76,64623.59508029,1583625600,9214.67,8002.2
2020-03-15 00:00:00,8037.73,5345.35,377126.68593655,1584230400,8187.03,3858.0
2020-03-22 00:00:00,5346.86,5818.25,321339.75612697,1584835200,6990.0,4432.3
2020-03-29 00:00:00,5815.24,5877.21,188702.00997817,1585440000,6983.31,5678.2
2020-04-05 00:00:00,5878.98,6778.25,116393.85618468,1586044800,7292.11,5853.0
2020-04-12 00:00:00,6778.64,6908.13,119005.29796967,1586649600,7466.0,6750.0
2020-04-19 00:00:00,6908.12,7130.71,111976.72982861,1587254400,7308.0,6456.0
2020-04-26 00:00:00,7130.7,7706.4,99265.95751333,1587859200,7775.0,6748.72
2020-05-03 00:00:00,7706.4,8909.95,169321.35643695,1588464000,9478.66,7635.69
2020-05-10 00:00:00,8907.85,8729.86,197076.11575301,1589068800,10079.0,8106.7
2020-05-17 00:00:00,8729.86,9676.63,159832.57529929,1589673600,9943.93,8185.0
2020-05-24 00:00:00,9677.45,8715.73,111531.81631886,1590278400,9957.25,8680.7
2020-05-31 00:00:00,8715.69,9446.57,78153.26914482,1590883200,9764.0,8632.93
2020-06-07 00:00:00,9445.83,9750.12,109411.34635284,1591488000,10428.0,9270.0
2020-06-14 00:00:00,9750.12,9325.0,79013.12446923,1592092800,10018.67,9050.0
2020-06-21 00:00:00,9328.63,9286.14,62034.31544786,1592697600,9592.04,8895.01
2020-06-28 00:00:00,9286.14,9113.24,71409.92620772,1593302400,9792.0,8815.01
2020-07-05 00:00:00,9113.23,9074.39,51444.22413347,1593907200,9297.2,8905.84
2020-07-12 00:00:00,9074.37,9303.37,50552.46821329,1594512000,9475.0,9061.59
2020-07-19 00:00:00,9303.38,9212.87,46223.47314454,1595116800,9339.61,9005.0
2020-07-26 00:00:00,9214.01,9941.0,67161.62097647,1595721600,10150.0,9131.0
2020-08-02 00:00:00,9941.0,11068.54,160985.5063955,1596326400,12134.29,9935.0
2020-08-09 00:00:00,11067.46,11688.48,99221.90909458,1596931200,11920.0,10911.74
2020-08-16 00:00:00,11688.25,11918.84,106314.70453204,1597536000,12086.22,11120.0
2020-08-23 00:00:00,11918.84,11650.01,96218.63966867,1598140800,12486.61,11370.0
2020-08-30 00:00:00,11650.01,11716.01,65629.25970282,1598745600,11823.62,11102.73
2020-09-06 00:00:00,11716.0,10257.86,130600.33858991,1599350400,12086.0,9813.0
2020-09-13 00:00:00,10258.67,10336.76,72785.51816753,1599955200,10582.36,9819.83
2020-09-20 00:00:00,10336.76,10920.89,66438.29344994,1600560000,11179.9,10253.0
2020-09-27 00:00:00,10920.94,10778.2,58834.66534266,1601164800,10994.0,10135.22
2020-10-04 00:00:00,10779.0,10671.11,53288.53561522,1601769600,10956.11,10363.76
2020-10-11 00:00:00,10670.01,11374.01,55661.66742956,1602374400,11498.98,10524.0
2020-10-18 00:00:00,11374.01,11514.2,52756.85110884,1602979200,11736.02,11187.6
2020-10-25 00:00:00,11514.2,13045.0,104538.03278962,1603584000,13361.0,11416.04
2020-11-01 00:00:00,13045.02,13771.59,100494.85226128,1604188800,14098.92,12785.0
2020-11-08 00:00:00,13771.7,15482.9,135477.16126357,1604793600,15977.67,13215.0
2020-11-15 00:00:00,15482.89,15966.89,102901.55580378,1605398400,16491.92,14817.14
2020-11-22 00:00:00,15970.0,18437.66,135676.04979539,1606003200,18980.0,15879.0
2020-11-29 00:00:00,18437.18,18202.04,158832.4698735,1606608000,19500.0,16200.0
2020-12-06 00:00:00,18202.02,19375.6,118742.09942851,1607212800,19915.14,18109.0
2020-12-13 00:00:00,19375.6,19166.65,95899.8903776,1607817600,19432.57,17580.0
2020-12-20 00:00:00,19166.65,23476.51,171770.48448005,1608422400,24300.0,18967.68
2020-12-27 00:00:00,23476.51,26258.65,158381.08791092,1609027200,28387.0,21913.84
2021-01-03 00:00:00,26255.16,33080.66,204767.41295925,1609632000,34810.0,25833.73
2021-01-10 00:00:00,33082.84,38171.57,303830.39402344,1610236800,41986.37,27678.0
2021-01-17 00:00:00,38168.89,35820.0,298672.81591653,1610841600,40127.66,30100.0
2021-01-24 00:00:00,35820.01,32288.56,189347.57932664,1611446400,37857.0,28732.0
2021-01-31 00:00:00,32293.18,33137.74,239235.27629712,1612051200,38570.13,29156.0
2021-02-07 00:00:00,33137.75,38871.42,162695.96556325,1612656000,41000.0,32333.0
2021-02-14 00:00:00,38871.43,48680.69,187064.00600225,1613260800,49700.0,38057.01
2021-02-21 00:00:00,48667.23,57489.16,147479.6709456,1613865600,58367.0,45768.46
2021-02-28 00:00:00,57489.16,45231.75,255577.61003912,1614470400,57577.69,43016.0
2021-03-07 00:00:00,45231.74,50978.61,138131.44285829,1615075200,52666.0,45042.13
2021-03-14 00:00:00,50976.22,58972.7,150372.51798214,1615680000,61788.45,49328.62
2021-03-21 00:00:00,58972.71,57363.32,138227.38745794,1616284800,60601.07,53221.0
2021-03-28 00:00:00,57377.29,55778.82,130563.31489437,1616889600,58421.68,50305.0
2021-04-04 00:00:00,55781.22,58215.94,86804.02838068,1617494400,60055.02,54900.0
2021-04-11 00:00:00,58216.73,59985.26,73611.6076841,1618099200,61218.97,55400.0
2021-04-18 00:00:00,59983.66,56274.41,130752.67589419,1618704000,64899.0,51300.0
2021-04-25 00:00:00,56273.65,49121.0,146723.11335692,1619308800,57600.0,47044.01
2021-05-02 00:00:00,49121.0,56625.2,98009.97215579,1619913600,58550.0,48817.62
2021-05-09 00:00:00,56625.21,58312.57,130688.66922775,1620518400,59559.84,52913.02
2021-05-16 00:00:00,58313.84,46450.79,186583.66121602,1621123200,59592.2,43825.0
2021-05-23 00:00:00,46450.78,34758.67,371487.76832344,1621728000,46646.15,30000.0
2021-05-30 00:00:00,34758.88,35669.44,195295.42740935,1622332800,40900.0,33333.0
2021-06-06 00:00:00,35669.44,35800.48,103275.15988998,1622937600,39489.82,34183.0
2021-06-13 00:00:00,35800.48,39015.24,144237.68704258,1623542400,39396.0,31004.95
2021-06-20 00:00:00,39015.24,35585.78,131820.00987933,1624147200,41322.55,33347.05
2021-06-27 00:00:00,35585.79,34709.23,188919.91393119,1624752000,35741.54,28800.0
2021-07-04 00:00:00,34708.53,35284.05,86937.02271604999,1625356800,36675.0,32703.48
2021-07-11 00:00:00,35284.06,34259.23,63723.0877112,1625961600,35290.82,32111.0
2021-07-18 00:00:00,34259.22,31788.25,61960.74825333,1626566400,34670.0,31025.42
2021-07-25 00:00:00,31786.37,35428.26,80748.50200855,1627171200,35451.04,29301.56
2021-08-01 00:00:00,35428.25,39865.41,138317.25861891,1627776000,42605.64,35251.54
2021-08-08 00:00:00,39859.18,43829.14,130081.94201722,1628380800,45363.83,37300.0
2021-08-15 00:00:00,43829.15,47014.49,85690.3344936,1628985600,48176.52,42821.3
2021-08-22 00:00:00,47014.38,49284.63,74492.33188987,1629590400,49821.92,43955.0
2021-08-29 00:00:00,49284.38,48802.58,64588.07856493,1630195200,50505.0,46315.48
2021-09-05 00:00:00,48802.58,51789.17,82216.54725941,1630800000,51907.08,46537.62
2021-09-12 00:00:00,51789.17,46024.23,99394.30430472,1631404800,52944.96,42830.77
2021-09-19 00:00:00,46027.8,47255.92,75204.53930253,1632009600,48825.62,43465.0
2021-09-26 00:00:00,47253.71,43178.02,127697.97435188,1632614400,47358.92,39600.0
2021-10-03 00:00:00,43172.17,48233.99,79073.09519776,1633219200,49300.0,40750.12
2021-10-10 00:00:00,48233.99,54690.53,102367.87088544,1633824000,56545.24,46916.7
2021-10-17 00:00:00,54683.09,61527.11,102188.246322,1634428800,62910.0,53873.78
2021-10-24 00:00:00,61530.07,60854.48,112346.88418625,1635033600,66999.0,59522.89
2021-10-31 00:00:00,60847.91,61343.68,91551.02456082,1635638400,63726.58,57653.88
2021-11-07 00:00:00,61346.17,63309.13,71983.40095841,1636243200,64300.0,59500.0
2021-11-14 00:00:00,63309.12,65505.02,87656.56034844,1636848000,69000.0,62300.0
2021-11-21 00:00:00,65505.03,58671.21,115793.7147947,1637452800,66339.9,55625.0
2021-11-28 00:00:00,58671.22,57317.17,95132.42675067,1638057600,59526.51,53327.0
2021-12-05 00:00:00,57318.51,49484.22,141387.64845413,1638662400,59249.77,42333.0
2021-12-12 00:00:00,49484.21,50089.64,103223.9327573,1639267200,51995.0,46786.78
2021-12-19 00:00:00,50089.64,46687.19,108502.90844961,1639872000,50218.42,45469.32
2021-12-26 00:00:00,46687.2,50801.79,82988.56099186,1640476800,51878.6,45568.0
2022-01-02 00:00:00,50804.33,47299.07,117761.04710413,1641081600,52100.0,45650.0
2022-01-09 00:00:00,47299.06,41876.52,125660.39799044,1641686400,47583.33,40505.3
2022-01-16 00:00:00,41876.52,43104.34,102297.92740045,1642291200,44453.22,39650.0
2022-01-23 00:00:00,43104.34,36282.47,156352.84446147,1642896000,43511.99,34017.56
2022-01-30 00:00:00,36275.28,37901.35,157831.15719639,1643500800,38960.0,32933.33
2022-02-06 00:00:00,37904.99,42415.16,103278.43406076,1644105600,42719.93,36259.01
2022-02-13 00:00:00,42416.06,42074.99,107479.2549362,1644710400,45855.0,41678.79
2022-02-20 00:00:00,42073.37,38389.03,90994.90356945,1645315200,44775.96,38000.0
2022-02-27 00:00:00,38395.99,37717.08,145176.06029164,1645920000,40300.5,34322.0
2022-03-06 00:00:00,37716.57,38408.38,127663.0211845,1646524800,45426.45,37455.71
2022-03-13 00:00:00,38406.82,37793.01,113741.83949932,1647129600,42597.84,37161.88
2022-03-20 00:00:00,37793.4,41287.24,100447.89964647,1647734400,42429.0,37560.4
2022-03-27 00:00:00,41287.24,46850.01,103272.39029908,1648339200,46950.0,40509.0
2022-04-03 00:00:00,46850.01,46422.16,99956.60214618,1648944000,48240.0,44232.86
2022-04-10 00:00:00,46420.08,42165.96,88194.48498045,1649548800,47200.0,41885.86
2022-04-17 00:00:00,42165.96,39683.54,68939.38638859,1650153600,42424.14,39204.59
2022-04-24 00:00:00,39681.11,39464.56,85387.48985462,1650758400,43109.47,38550.0
2022-05-01 00:00:00,39463.75,38473.05,108909.24834011,1651363200,40817.16,37401.0
2022-05-08 00:00:00,38469.49,34027.91,148597.54357191,1651968000,40038.27,33701.0
2022-05-15 00:00:00,34033.49,31290.05,309516.52500263,1652572800,34231.54,25338.53
2022-05-22 00:00:00,31290.02,30260.87,155938.69747762,1653177600,31293.31,28605.0
2022-05-29 00:00:00,30258.04,29447.07,121750.08207188,1653782400,30635.39,28000.0
2022-06-05 00:00:00,29447.08,29901.54,118369.77575132,1654387200,32383.96,29213.47
2022-06-12 00:00:00,29899.62,26555.2,128876.23591623,1654992000,31745.0,26532.95
2022-06-19 00:00:00,26555.17,20552.44,336573.68507762,1655596800,26869.35,17567.45
2022-06-26 00:00:00,20552.39,21027.92,142090.89599095,1656201600,21866.0,19603.8
2022-07-03 00:00:00,21024.85,19291.33,137250.62123268,1656806400,21520.0,18603.0
2022-07-10 00:00:00,19291.35,20850.65,124447.65785127,1657411200,22490.54,19029.33
2022-07-17 00:00:00,20850.65,20791.74,131938.0194106,1658016000,21667.1,18892.0
2022-07-24 00:00:00,20791.74,22583.43,167072.178146,1658620800,24287.13,20755.95
2022-07-31 00:00:00,22583.37,23307.44,131164.78179876,1659225600,24666.0,20715.0
2022-08-07 00:00:00,23307.44,23177.39,117608.30613471,1659830400,23650.96,22392.88
2022-08-14 00:00:00,23180.26,24316.71,156326.89382162,1660435200,25054.1,22666.23
2022-08-21 00:00:00,24316.58,21518.62,167793.18367206,1661040000,25214.57,20760.93
2022-08-28 00:00:00,21514.45,19554.03,165011.51005275,1661644800,21925.0,19513.74
2022-09-04 00:00:00,19552.31,20004.73,180483.53945481,1662249600,20582.64,19540.14
2022-09-11 00:00:00,20003.85,21831.72,165592.44594661,1662854400,21865.66,18527.0
2022-09-18 00:00:00,21830.16,19417.64,164878.75489331,1663459200,22800.0,19305.0
2022-09-25 00:00:00,19417.56,18808.61,206675.40229669,1664064000,19949.97,18153.13
2022-10-02 00:00:00,18806.3,19059.17,217994.47047065,1664668800,20383.15,18487.0
2022-10-09 00:00:00,19059.1,19443.47,196065.56512828,1665273600,20479.43,18958.29
2022-10-16 00:00:00,19442.7,19264.44,200449.8267979,1665878400,19954.14,18131.0
2022-10-23 00:00:00,19261.62,19572.44,145810.27413306,1666483200,19702.73,18659.0
2022-10-30 00:00:00,19572.2,20630.68,212769.3863069,1667088000,21080.0,19159.35
2022-11-06 00:00:00,20629.21,20909.17,181182.69676984,1667692800,21478.8,20032.02
2022-11-13 00:00:00,20908.15,16301.39,432340.81741643,1668297600,21069.46,15512.0
2022-11-20 00:00:00,16298.75,16252.53,216543.31717364,1668902400,17169.68,15790.25
2022-11-27 00:00:00,16252.43,16419.88,191253.57353619,1669507200,16797.28,15460.0
2022-12-04 00:00:00,16421.63,17108.9,180693.83142314,1670112000,17317.8,15992.64
2022-12-11 00:00:00,17108.9,17085.21,145267.01447923,1670716800,17424.59,16679.52
2022-12-18 00:00:00,17085.62,16741.16,222785.83309224,1671321600,18385.36,16529.53
2022-12-25 00:00:00,16742.33,16829.02,137726.66438003,1671926400,17060.86,16273.4
2023-01-01 00:00:00,16829.19,16611.58,122024.93235405,1672531200,16967.0,16326.16
2023-01-08 00:00:00,16611.9,17125.18,111124.7162862,1673136000,17167.52,16542.52
2023-01-15 00:00:00,17125.17,20879.7,286341.98598373,1673740800,21321.98,17102.97
2023-01-22 00:00:00,20879.67,22714.87,222861.33461278,1674345600,23375.6,20370.01
2023-01-29 00:00:00,22714.81,23745.8,195849.87868228,1674950400,23966.0,22326.24
2023-02-05 00:00:00,23744.34,22936.34,118052.35059101,1675555200,24262.18,22500.0
2023-02-12 00:00:00,22936.34,21789.8,72252.31706243,1676160000,23451.01,21467.43
2023-02-19 00:00:00,21789.79,24281.31,120308.05478408,1676764800,25256.83,21366.45
2023-02-26 00:00:00,24278.81,23556.83,97645.43436701,1677369600,25288.88,22520.0
2023-03-05 00:00:00,23556.83,22432.69,72279.75525711,1677974400,23999.99,21988.02
2023-03-12 00:00:00,22431.99,22219.08,125924.07584827,1678579200,22599.99,19568.52
2023-03-19 00:00:00,22216.02,28054.46,209383.8969573,1679184000,28478.0,21882.63
2023-03-26 00:00:00,28058.15,27992.9,142296.08496937001,1679788800,28937.73,26678.16
2023-04-02 00:00:00,27995.27,28188.34,102668.77294788,1680393600,29190.04,26525.0
2023-04-09 00:00:00,28188.34,28340.99,70651.05376195,1680998400,28799.99,27227.61
2023-04-16 00:00:00,28342.28,30326.09,93366.41166921,1681603200,31050.0,28162.49
2023-04-23 00:00:00,30321.41,27592.98,97505.36758123,1682208000,30500.0,27133.0
2023-04-30 00:00:00,27592.7,29247.14,106149.76082351,1682812800,30050.66,26965.14
2023-05-07 00:00:00,29240.49,28474.53,86330.31199945,1683417600,29850.0,27664.31
2023-05-14 00:00:00,28472.68,26929.98,84411.90642457,1684022400,28676.38,25810.0
2023-05-21 00:00:00,26929.98,26752.65,65262.91508701,1684627200,27678.73,26361.52
2023-05-28 00:00:00,26751.0,28070.04,72513.48194289,1685232000,28277.56,25864.35
2023-06-04 00:00:00,28070.04,27122.04,70380.91968162,1685836800,28473.93,26508.0
2023-06-11 00:00:00,27122.03,25937.02,95586.14938073,1686441600,27402.79,25351.92
2023-06-18 00:00:00,25936.98,26336.46,87045.37230409,1687046400,26783.2,24750.0
2023-06-25 00:00:00,26336.46,30480.24,124059.36784658,1687651200,31443.67,26250.0
2023-07-02 00:00:00,30480.24,30613.51,80996.195028,1688256000,31277.0,29417.14
2023-07-09 00:00:00,30613.57,30168.38,63515.77587325,1688860800,31525.1,29715.87
2023-07-16 00:00:00,30168.26,30247.64,90227.36793495,1689465600,31862.21,29920.31
2023-07-23 00:00:00,30247.56,30081.61,57799.07024017,1690070400,30421.29,29525.0
2023-07-30 00:00:00,30081.61,29281.39,52971.1741287,1690675200,30099.99,28850.0
2023-08-06 00:00:00,29280.41,29040.01,65678.43500592,1691280000,30033.0,28477.0
2023-08-13 00:00:00,29040.01,29275.94,52362.08066583,1691884800,30222.0,28660.53
2023-08-20 00:00:00,29275.78,26189.14,82358.80310677,1692489600,29665.27,25234.76
2023-08-27 00:00:00,26189.36,26091.16,62960.39454953,1693094400,26818.28,25350.0
2023-09-03 00:00:00,26091.16,25969.83,73359.52554709,1693699200,28184.89,25307.37
2023-09-10 00:00:00,25969.83,25831.76,48683.82399981,1694304000,26460.41,25358.0
2023-09-17 00:00:00,25831.77,26530.95,72952.66819605,1694908800,26892.65,24900.0
2023-09-24 00:00:00,26530.96,26250.24,71020.13144312,1695513600,27500.0,26118.86
2023-10-01 00:00:00,26248.17,27995.46,76751.82993474,1696118400,28062.62,25983.78
2023-10-08 00:00:00,27995.46,27933.55,84373.81159467,1696723200,28613.37,27160.47
2023-10-15 00:00:00,27933.54,27186.13,62529.10170512,1697328000,28003.7,26521.32
2023-10-22 00:00:00,27186.13,30004.15,107312.68289432,1697932800,30369.0,27135.92
2023-10-29 00:00:00,30004.14,34534.48,130069.39852576,1698537600,35157.23,29890.89
2023-11-05 00:00:00,34534.48,35035.42,73667.76443877,1699142400,35997.8,34038.79
2023-11-12 00:00:00,35035.79,37086.03,86071.78490828,1699747200,37999.0,34530.67
2023-11-19 00:00:00,37086.5,37391.19,85003.12894035,1700352000,37987.0,34758.64
2023-11-26 00:00:00,37389.06,37462.79,86958.40842963,1700956800,38454.0,35633.0
2023-12-03 00:00:00,37462.01,39984.81,86000.63609152,1701561600,40221.22,36715.1
2023-12-10 00:00:00,39984.81,43793.68,98012.28041222,1702166400,45000.0,39983.6
2023-12-17 00:00:00,43793.67,41349.59,92997.12953877,1702771200,43811.81,40150.0
2023-12-24 00:00:00,41349.59,43025.03,79031.99568632,1703376000,44424.36,40508.01
2023-12-31 00:00:00,43025.02,42288.06,84097.36556585,1703980800,43830.34,41300.0
2024-01-07 00:00:00,42288.58,43950.28,117732.65850115,1704585600,45925.82,40625.68
2024-01-14 00:00:00,43954.52,41697.33,193133.48844183,1705190400,49102.29,41444.97
2024-01-21 00:00:00,41698.13,41554.05,101249.61046019,1705795200,43569.23,40236.49
2024-01-28 00:00:00,41553.92,42034.59,106355.88961393,1706400000,42839.07,38501.0
2024-02-04 00:00:00,42034.57,42568.55,72860.90529209,1707004800,43872.99,41787.35
2024-02-11 00:00:00,42571.91,48316.3,81147.45244927,1707609600,48614.0,42235.0
2024-02-18 00:00:00,48321.14,52153.63,100932.43651282,1708214400,52890.0,47715.67
2024-02-25 00:00:00,52153.63,51731.0,67482.97176696,1708819200,53000.0,50513.01
2024-03-03 00:00:00,51730.96,63154.49,175198.65895144,1709424000,64100.0,50901.23
2024-03-10 00:00:00,63155.74,69032.12,217977.91236657,1710028800,70199.0,59224.68
2024-03-17 00:00:00,69032.8,68343.64,186795.96163961,1710633600,73835.57,64505.0
2024-03-24 00:00:00,68354.29,67204.93,149022.66692418,1711238400,68933.71,60771.14
2024-03-31 00:00:00,67212.69,71288.9,86906.11402282,1711843200,71789.85,66381.84
2024-04-07 00:00:00,71291.5,69350.34,95811.50965794,1712448000,71313.8,64500.0
2024-04-14 00:00:00,69350.36,65777.05,132111.647961,1713052800,72777.0,60822.01
2024-04-21 00:00:00,65764.56,64952.92,108927.98807745,1713657600,66928.82,59573.32
2024-04-28 00:00:00,64952.92,63108.94,68037.16870183,1714262400,67272.73,62389.0
2024-05-05 00:00:00,63109.76,64023.45,98867.11584551,1714867200,64727.81,56500.0
2024-05-12 00:00:00,64023.45,61453.02,52627.36505183,1715472000,65523.44,60150.0
2024-05-19 00:00:00,61453.01,66261.62,75617.21412688,1716076800,67701.91,60738.51
2024-05-26 00:00:00,66260.04,68473.72,76661.0818788,1716681600,71980.0,66057.03
2024-06-02 00:00:00,68470.8,67735.52,53809.41915087,1717286400,70613.39,66584.47
2024-06-09 00:00:00,67731.14,69637.87,65993.75899529,1717891200,71974.04,67568.0
2024-06-16 00:00:00,69641.08,66628.75,68142.18800056,1718496000,70187.53,65005.0
2024-06-23 00:00:00,66629.38,63171.43,58926.26599287,1719100800,67274.96,63125.75
2024-06-30 00:00:00,63169.36,62668.26,77386.07738575,1719705600,63343.91,58414.28
2024-07-07 00:00:00,62669.14,55854.09,92874.078469,1720310400,63801.26,53499.9
2024-07-14 00:00:00,55852.61,60808.42,74758.05844965,1720915200,61428.67,54278.93
2024-07-21 00:00:00,60804.97,68181.28,79441.28691954,1721520000,68380.0,60666.59
2024-07-28 00:00:00,68181.16,68244.3,63844.71978813,1722124800,69418.15,63412.46
2024-08-04 00:00:00,68244.3,58130.95,80726.56875377,1722729600,70000.0,57123.0
2024-08-11 00:00:00,58131.31,58722.49,130574.84313355,1723334400,62755.24,49050.01
2024-08-18 00:00:00,58717.44,58437.9,69552.37059912,1723939200,61827.2,56120.0
2024-08-25 00:00:00,58436.2,64251.93,69476.14871837,1724544000,65050.08,57820.0
2024-09-01 00:00:00,64250.01,57299.0,61031.74262648,1725148800,64509.36,57200.0
2024-09-08 00:00:00,57291.21,54881.11,64045.13110365,1725753600,59825.7,52530.0
2024-09-15 00:00:00,54881.1,59122.33,57549.5163447,1726358400,60670.0,54565.56
2024-09-22 00:00:00,59122.7,63577.66,61382.57545039,1726963200,64140.67,57477.0
2024-09-29 00:00:00,63580.39,65600.01,49652.75045869,1727568000,66550.0,62566.28
2024-10-06 00:00:00,65600.01,62810.86,54953.13430384,1728172800,65624.95,59824.87
2024-10-13 00:00:00,62810.93,62845.3,52974.93835653,1728777600,64467.02,58863.9
2024-10-20 00:00:00,62847.89,69014.86,66645.21243964,1729382400,69380.0,62426.67
2024-10-27 00:00:00,69014.87,67943.19,58116.3380747,1729987200,69498.0,65149.51
2024-11-03 00:00:00,67943.18,68738.18,89285.49930567,1730592000,73624.98,67444.0
2024-11-10 00:00:00,68736.4,80428.92,132572.3753089,1731196800,81534.28,66783.77
2024-11-17 00:00:00,80427.69,89886.69,173974.28729971,1731801600,93495.0,80277.34
2024-11-24 00:00:00,89877.11,98028.18,137788.93225654,1732406400,99860.0,89372.65
2024-12-01 00:00:00,98032.06,97263.18,79446.7379334,1733011200,98999.0,90682.58
2024-12-08 00:00:00,97259.17,101174.99,114187.97430796,1733616000,104000.0,92055.86
2024-12-15 00:00:00,101175.0,104447.76,102016.08653276,1734220800,105100.0,94220.8
2024-12-22 00:00:00,104445.15,95087.75,113540.25495591,1734825600,108388.88,92115.66
2024-12-29 00:00:00,95091.15,93563.35,62799.27799097,1735430400,99887.0,92360.91
2025-01-05 00:00:00,93563.35,98345.33,57545.98596124,1736035200,98969.92,91271.19
2025-01-12 00:00:00,98347.65,94509.62,72953.95980632999,1736640000,102735.99,91187.0
2025-01-19 00:00:00,94507.24,101211.13,91894.9730921,1737244800,106314.44,89028.64
2025-01-26 00:00:00,101217.78,102563.0,108450.51477696,1737849600,109358.01,99416.27
2025-02-02 00:00:00,102565.28,97676.52,84666.86650403,1738454400,106484.77,96179.0
2025-02-09 00:00:00,97676.53,96475.82,82537.11655755,1739059200,102599.85,91178.01
2025-02-16 00:00:00,96481.47,96119.88,41540.37686367,1739664000,98890.11,94066.92
2025-02-23 00:00:00,96119.88,96265.98,60338.81665337,1740268800,99517.52,93333.0
2025-03-02 00:00:00,96266.23,94265.48,136996.58684155,1740873600,96515.41,78167.81
2025-03-09 00:00:00,94265.47,80699.17,111751.56149419,1741478400,94415.61,80000.0
2025-03-16 00:00:00,80708.21,82562.57,78836.93825216,1742083200,85318.61,76555.0
2025-03-23 00:00:00,82562.5,86092.94,49870.20386046,1742688000,87492.87,81125.0
2025-03-30 00:00:00,86092.95,82379.98,52749.84310992,1743292800,88804.64,81538.88
2025-04-06 00:00:00,82379.98,78370.75,73012.43716974,1743897600,88530.0,77058.99
2025-04-13 00:00:00,78370.15,83733.07,94925.96440012,1744502400,86092.99,74420.69
2025-04-20 00:00:00,83733.07,85177.34,33196.13798592,1745107200,86491.4,83088.02
2025-04-27 00:00:00,85177.33,93780.57,72605.9618877,1745712000,95976.34,85135.98
2025-05-04 00:00:00,93780.56,94272.55,38793.85035327,1746316800,97948.56,92829.44
2025-05-11 00:00:00,94272.54,104137.62,48526.93070362,1746921600,104997.0,93363.28
2025-05-18 00:00:00,104137.58,106473.46,47786.07039623,1747526400,106692.97,100703.71
2025-05-25 00:00:00,106488.77,109048.68,63739.5799659,1748131200,112000.0,102105.0
2025-06-01 00:00:00,109048.41,105697.94,41879.31667972,1748736000,110829.42,103110.01
2025-06-08 00:00:00,105697.93,105784.4,43254.94612671,1749340800,106901.68,100345.73
2025-06-15 00:00:00,105784.41,105599.25,33773.74445488,1749945600,110651.12,102746.01
2025-06-22 00:00:00,105600.21,100996.87,37046.54064646,1750550400,109000.0,98225.01
2025-06-29 00:00:00,100996.87,108386.44,36350.0214153,1751155200,108550.0,99677.07
2025-07-06 00:00:00,108386.44,109217.98,30715.70186972,1751760000,110590.0,105119.7
2025-07-13 00:00:00,109217.98,119130.81,44826.04791498,1752364800,119500.0,107438.33
2025-07-20 00:00:00,119130.81,117312.7,67814.84663024,1752969600,123231.07,115697.37
2025-07-27 00:00:00,117315.68,119465.52,62288.45286951,1753574400,120300.0,114750.0
2025-08-03 00:00:00,119465.52,114215.73,37374.18722332,1754179200,119839.0,111903.68
2025-08-10 00:00:00,114215.7,119309.37,30199.87333524,1754784000,119324.08,112622.14
2025-08-17 00:00:00,119309.37,117488.6,39298.21572185,1755388800,124533.0,116859.32
2025-08-24 00:00:00,117488.59,113478.0,41877.48053709,1755993600,117633.8,110635.0
2025-08-31 00:00:00,113478.0,108247.95,39370.76296228,1756598400,113645.32,107369.69
2025-09-07 00:00:00,108247.95,111129.61,33741.34929375,1757203200,113390.0,107250.0
2025-09-14 00:00:00,111120.38,115314.13,33779.52426727,1757808000,116833.25,110600.0
2025-09-21 00:00:00,115314.12,115282.27,37222.96110947,1758412800,117998.17,114395.84
2025-09-28 00:00:00,115282.26,113700.11,15766.35370319,1759017600,115441.37,111066.07
